path,arquivo,split,class_id,classe,caixas,largura,altura,sha256_pixels,grupo
/content/farmtech_fase6/dataset_20261004T164740010266Z/images/train/banana_001.jpg,banana_001.jpg,train,1,banana,1,1280,853,3ff0e4ab2397d155ce08f67a628813bad01acc400382299d47264b10a717d54b,commons_autor_66babd680314
/content/farmtech_fase6/dataset_20261004T164740010266Z/images/train/banana_003.jpg,banana_003.jpg,train,1,banana,1,1280,968,70aa4c8a396544fedac6fcfc0525c4d9acb9535ad02bee8f63698fa25d93fce4,commons_autor_f81d306802a7
/content/farmtech_fase6/dataset_20261004T164740010266Z/images/train/banana_005.jpg,banana_005.jpg,train,1,banana,2,1280,960,2cdcd18f6949bd9bb84f58a2ffa212426f82529600e64f3d822c3da07fc727da,commons_autor_3b0c6ae994cc
/content/farmtech_fase6/dataset_20261004T164740010266Z/images/train/banana_006.jpg,banana_006.jpg,train,1,banana,1,1280,960,9e31fe89b8ba492e14939102072a9c83d7eec720b349ee38856d1068940e6fd7,commons_autor_1181c8da6b71
/content/farmtech_fase6/dataset_20261004T164740010266Z/images/train/banana_008.jpg,banana_008.jpg,train,1,banana,1,1280,851,2387adaed07bd964ad6b80dd8fc85a8a00deb28d0f55574ef121ebe813c8810f,commons_autor_ab02800df491
/content/farmtech_fase6/dataset_20261004T164740010266Z/images/train/banana_009.jpg,banana_009.jpg,train,1,banana,1,1280,960,c3a13241d5cd75a4e1b21c55ce23234b8081d9c36bbea417dd56428df889e43a,commons_autor_9d54d39dae5a
/content/farmtech_fase6/dataset_20261004T164740010266Z/images/train/banana_010.jpg,banana_010.jpg,train,1,banana,1,1280,1707,74f8f6e5c9db3e3095aa8ad1002993d0cfe921690845026664d838eb8d9c2d2f,commons_autor_0671a5256ea5
/content/farmtech_fase6/dataset_20261004T164740010266Z/images/train/banana_011.jpg,banana_011.jpg,train,1,banana,1,1280,1027,19cfdf37de049ca420cd2d74c259433dae1e0368ff9689695db085d0f0197824,commons_autor_f81d306802a7
/content/farmtech_fase6/dataset_20261004T164740010266Z/images/train/banana_013.jpg,banana_013.jpg,train,1,banana,1,600,800,0c1ddcf3aa507af325d3047749609c7aa9a26fd6a95a4616e228fd65cdb376e2,commons_autor_372eefee8256
/content/farmtech_fase6/dataset_20261004T164740010266Z/images/train/banana_014.jpg,banana_014.jpg,train,1,banana,1,1280,938,25d2e6af225da8e7515c16bcbd44f4f5cfb12609c1b9348472bd0b7086ec5489,commons_autor_d44311fcf63a
/content/farmtech_fase6/dataset_20261004T164740010266Z/images/train/banana_016.jpg,banana_016.jpg,train,1,banana,1,1280,960,71c596a6b256d45456cb4a302735ac92fbce81e56c3306a895a40aae877f5c93,commons_autor_e04dba4e7b6f
/content/farmtech_fase6/dataset_20261004T164740010266Z/images/train/banana_017.jpg,banana_017.jpg,train,1,banana,1,1280,960,ecd1e097e2e83357bc28b55942bbbcb4446688b497b572097bac8a769f1cd072,commons_autor_a48f2164147e
/content/farmtech_fase6/dataset_20261004T164740010266Z/images/train/banana_018.jpg,banana_018.jpg,train,1,banana,1,1280,1099,d410c3247a5e75022154ac3e3c2e2b4aac80adea530ba9927ea917dd04739d31,commons_autor_43ca6431cfdb
/content/farmtech_fase6/dataset_20261004T164740010266Z/images/train/banana_019.jpg,banana_019.jpg,train,1,banana,1,1280,853,a06f8d0e5e34b24b80f2669e242c3708a323c350dd908566f33f06e4ddba89d2,commons_autor_5456fd6ce657
/content/farmtech_fase6/dataset_20261004T164740010266Z/images/train/banana_021.jpg,banana_021.jpg,train,1,banana,1,1280,853,ef81c6aa91c4abb880a51a0ef602328e1e82f68c65866f2aeacb07485126618b,commons_autor_4819eca76768
/content/farmtech_fase6/dataset_20261004T164740010266Z/images/train/banana_022.jpg,banana_022.jpg,train,1,banana,1,1280,854,aec738edc702ba0e8cad4c734b9342619f3b104490eefb8028e4a2bfe46a2cf4,commons_autor_ea9fa35b91f5
/content/farmtech_fase6/dataset_20261004T164740010266Z/images/train/banana_023.jpg,banana_023.jpg,train,1,banana,1,1280,853,cb251073a2b47ed1929749bb4723a3fc305b68f3aa74e6f216c3f1b209b81ce4,commons_autor_603a783c0452
/content/farmtech_fase6/dataset_20261004T164740010266Z/images/train/banana_024.jpg,banana_024.jpg,train,1,banana,1,1280,2008,deae881740a0271da480bf3c414ed64fc935c8020d372b494242852f4b1cfc29,commons_autor_10c32e3d949c
/content/farmtech_fase6/dataset_20261004T164740010266Z/images/train/banana_025.jpg,banana_025.jpg,train,1,banana,1,1280,1707,48d6b1a0959d0b583ea354fc826effcde89808ec09779aa84b9629c80db3b262,commons_autor_52fcfa4f51c5
/content/farmtech_fase6/dataset_20261004T164740010266Z/images/train/banana_026.jpg,banana_026.jpg,train,1,banana,1,1280,853,4fed601c0d44b492471db4f650b6cd373a73f395a9d8d1b1ea097502ec5fa32a,commons_autor_ff72987367a7
/content/farmtech_fase6/dataset_20261004T164740010266Z/images/train/banana_027.jpg,banana_027.jpg,train,1,banana,1,1280,1920,d10f81a0d43f8bc15c634175dd95d1b8aec8d43635e9265eb1760fe07354e91e,commons_autor_bd21bad83e56
/content/farmtech_fase6/dataset_20261004T164740010266Z/images/train/banana_028.jpg,banana_028.jpg,train,1,banana,4,1280,3056,7269cf71aaf046537ecc5e87635c10b8f45cb0f60e81dfb86c18063bb877a482,commons_autor_bd21bad83e56
/content/farmtech_fase6/dataset_20261004T164740010266Z/images/train/banana_029.jpg,banana_029.jpg,train,1,banana,2,1280,1707,a83f4d8d04486c786188c5eb55f464a3c74de7ef8814ee3eda71e5a58f9c1440,commons_autor_7304835ad3c9
/content/farmtech_fase6/dataset_20261004T164740010266Z/images/train/banana_030.jpg,banana_030.jpg,train,1,banana,2,1280,1707,aec5d158b74a9915713a99cdbbf0c3ae3d4f60729eef7957ea1ebaf424499e8c,commons_autor_6fb0da45ce7e
/content/farmtech_fase6/dataset_20261004T164740010266Z/images/train/banana_031.jpg,banana_031.jpg,train,1,banana,1,1280,1707,050b7bf9dad9ead7728989ee95faf00ead2aecafd899bce1977c6e2af1699c88,commons_autor_3d33c6add4e4
/content/farmtech_fase6/dataset_20261004T164740010266Z/images/train/banana_032.jpg,banana_032.jpg,train,1,banana,7,1280,1213,848ccfa7f192cbe0c63584cb166b65c2af1e08de0e4a1ba24d88310988711c42,commons_autor_f341b6806e06
/content/farmtech_fase6/dataset_20261004T164740010266Z/images/train/banana_033.jpg,banana_033.jpg,train,1,banana,5,1280,964,b7bb4566a7b644a9a8b940b5bb259c8f70399d59fe446820eb4f4c721d7ce8a2,commons_autor_3599ea140165
/content/farmtech_fase6/dataset_20261004T164740010266Z/images/train/banana_034.jpg,banana_034.jpg,train,1,banana,1,1280,1707,97bb5968e439d2636a48cfd1abd54d3787e4eb605b8f502a18cbb9649b746368,commons_autor_f8845a96ef0d
/content/farmtech_fase6/dataset_20261004T164740010266Z/images/train/banana_036.jpg,banana_036.jpg,train,1,banana,2,1280,1707,c5935bd66bed4b4d7d30f3d443256499eba8b0abbb613c96d98f9ba5d17e2f67,commons_autor_a0aebc8ccae1
/content/farmtech_fase6/dataset_20261004T164740010266Z/images/train/banana_038.jpg,banana_038.jpg,train,1,banana,1,1280,960,c083ac19e970a7f3213b2014cb82d2f16a4e5f7ebe6d1b7c35cf908a287b8082,commons_autor_31b5f345a55f
/content/farmtech_fase6/dataset_20261004T164740010266Z/images/train/banana_039.jpg,banana_039.jpg,train,1,banana,1,1280,959,72363a4c903ec095b8dee8d857c90376f7c7d1523273a4efec5642bd185f9f15,commons_autor_92cfa5b27ca1
/content/farmtech_fase6/dataset_20261004T164740010266Z/images/train/banana_040.jpg,banana_040.jpg,train,1,banana,1,1280,1707,b491c6a835b079fc470e79b38387e2527eba0b17e243ba3cf3485267efbf693f,commons_autor_e7a261d43474
/content/farmtech_fase6/dataset_20261004T164740010266Z/images/train/garrafa_001.jpg,garrafa_001.jpg,train,0,garrafa,3,1200,1600,c33e87141d1e44428a48b60603b30ad6378fc94a6e938a7e3882e2509db71492,matheus_20261003_sessao_casa
/content/farmtech_fase6/dataset_20261004T164740010266Z/images/train/garrafa_002.jpg,garrafa_002.jpg,train,0,garrafa,3,1200,1600,0c120a1b9c5ea018c0e1e038331aebc6892f67c54c0c06c4830e36f0a15c2a51,matheus_20261003_sessao_casa
/content/farmtech_fase6/dataset_20261004T164740010266Z/images/train/garrafa_003.jpg,garrafa_003.jpg,train,0,garrafa,3,1200,1600,587a098fbd9f91d4c660f341e65c79ffc05a64c13ad5dea5571f1060b9c3dd2a,matheus_20261003_sessao_casa
/content/farmtech_fase6/dataset_20261004T164740010266Z/images/train/garrafa_004.jpg,garrafa_004.jpg,train,0,garrafa,4,1200,1600,d8cd7ce34edbd2d8077b6c01cbaf8dfa28f98e546fecd8cacd11008f00de7743,matheus_20261003_sessao_casa
/content/farmtech_fase6/dataset_20261004T164740010266Z/images/train/garrafa_006.jpg,garrafa_006.jpg,train,0,garrafa,4,1200,1600,c27f2e7c40c7c31172e48fbdc2368dcdabde5ad7d1a908a2c657858cd209b9d0,matheus_20261003_sessao_casa
/content/farmtech_fase6/dataset_20261004T164740010266Z/images/train/garrafa_007.jpg,garrafa_007.jpg,train,0,garrafa,1,1600,1200,318952976049f8eb4de45ab9d3419adfbc88390218c201188957f8a5493af8b5,matheus_20261003_sessao_casa
/content/farmtech_fase6/dataset_20261004T164740010266Z/images/train/garrafa_010.jpg,garrafa_010.jpg,train,0,garrafa,2,1200,1600,1f03a2e2f1e66d5c9489c1519239a0e8cc1596e0dcae07ddcfdd5cdb6da28e51,matheus_20261003_sessao_casa
/content/farmtech_fase6/dataset_20261004T164740010266Z/images/train/garrafa_011.jpg,garrafa_011.jpg,train,0,garrafa,2,1200,1600,0022a438f72323c1b3bf63ac713eabc85d0883f617b15bfe9ab2af2fa049cb80,matheus_20261003_sessao_casa
/content/farmtech_fase6/dataset_20261004T164740010266Z/images/train/garrafa_012.jpg,garrafa_012.jpg,train,0,garrafa,3,1200,1600,4afcc86bc9b72bfe02155ea2c12b49540a92e923cc1fe88542c205386e09fd3c,matheus_20261003_sessao_casa
/content/farmtech_fase6/dataset_20261004T164740010266Z/images/train/garrafa_013.jpg,garrafa_013.jpg,train,0,garrafa,6,1200,1600,be87824508b3c48666518b2692bd9be92926ff4c5289d4a9942b9fbc0fab7797,matheus_20261003_sessao_casa
/content/farmtech_fase6/dataset_20261004T164740010266Z/images/train/garrafa_014.jpg,garrafa_014.jpg,train,0,garrafa,6,1200,1600,ac2387e661f9c9b5f5f63166a700e5f3500a15f0b80e0356666413f1c188eb72,matheus_20261003_sessao_casa
/content/farmtech_fase6/dataset_20261004T164740010266Z/images/train/garrafa_015.jpg,garrafa_015.jpg,train,0,garrafa,6,1200,1600,94d841e8c6a0a558e444a729a4ccd2cb373f3fba363ba9b222d796787f6641e1,matheus_20261003_sessao_casa
/content/farmtech_fase6/dataset_20261004T164740010266Z/images/train/garrafa_016.jpg,garrafa_016.jpg,train,0,garrafa,6,1200,1600,77f7c59a24d20a9ddccb9d595a87ac700740efe04be9ce3f9d7156eaa06cee25,matheus_20261003_sessao_casa
/content/farmtech_fase6/dataset_20261004T164740010266Z/images/train/garrafa_017.jpg,garrafa_017.jpg,train,0,garrafa,6,1200,1600,e818218cc29bb97b3a01b0fb3a69802cf432efa905b83dcb630111c530a0dd45,matheus_20261003_sessao_casa
/content/farmtech_fase6/dataset_20261004T164740010266Z/images/train/garrafa_019.jpg,garrafa_019.jpg,train,0,garrafa,3,960,1440,7acd3110612b542db90a5390e6ce7c8e98c99d5e627dd0df09708b88a36beeb8,commons_autor_8c8888fc8fef
/content/farmtech_fase6/dataset_20261004T164740010266Z/images/train/garrafa_021.jpg,garrafa_021.jpg,train,0,garrafa,1,960,1280,55caceb1bf9916b1ba3ff426c39c8939b365efa0f564265612a73342eb902af6,commons_autor_2f60394b43d6
/content/farmtech_fase6/dataset_20261004T164740010266Z/images/train/garrafa_022.jpg,garrafa_022.jpg,train,0,garrafa,2,960,1549,92cfdff8f00146fa2fecad1e7eade6a21749a506bc7bb766be5ad1514aa01768,commons_autor_22685ee92ac9
/content/farmtech_fase6/dataset_20261004T164740010266Z/images/train/garrafa_023.jpg,garrafa_023.jpg,train,0,garrafa,2,960,1440,74c48088ea3360cb4b1b2df48b853e43bdab57309d0f07f9e10616db5d66635e,commons_autor_1df9816a2069
/content/farmtech_fase6/dataset_20261004T164740010266Z/images/train/garrafa_024.jpg,garrafa_024.jpg,train,0,garrafa,1,960,1177,9cc02f3a12a04b82baa08830ac159f5041a82d03d69d2a547f041201a1508355,commons_autor_10c2a68f9561
/content/farmtech_fase6/dataset_20261004T164740010266Z/images/train/garrafa_025.jpg,garrafa_025.jpg,train,0,garrafa,6,960,640,b3eddf25ed62ab43d6cc4b619a857e67240fa286f899d817183760bcd64a9079,commons_autor_fd9ae89a57f7
/content/farmtech_fase6/dataset_20261004T164740010266Z/images/train/garrafa_027.jpg,garrafa_027.jpg,train,0,garrafa,1,960,720,528558924de9417e365d4fb301629d0aa937bec599c2b4b8dd72ffaf38e7de76,commons_autor_ac0814bda8da
/content/farmtech_fase6/dataset_20261004T164740010266Z/images/train/garrafa_028.jpg,garrafa_028.jpg,train,0,garrafa,1,960,1440,29c93828b5eadfbec614855f458e86ab372ea2022805c0c1eef5f0bb2b55649f,commons_autor_2d742f0e3f6e
/content/farmtech_fase6/dataset_20261004T164740010266Z/images/train/garrafa_029.jpg,garrafa_029.jpg,train,0,garrafa,1,960,1280,336030da3ef71c9947fd228596290154057f6546771e304a52d9374303f0154a,commons_autor_2985b718e78c
/content/farmtech_fase6/dataset_20261004T164740010266Z/images/train/garrafa_032.jpg,garrafa_032.jpg,train,0,garrafa,1,960,1032,20047934718cad5e3ff6b27df49e068e00cc4218c6dceffae8fddcd69308c4c0,commons_autor_2a50b111882b
/content/farmtech_fase6/dataset_20261004T164740010266Z/images/train/garrafa_033.jpg,garrafa_033.jpg,train,0,garrafa,4,960,644,3418f4b5fe45c90c3b23afd7d02ec436ecfcd7c5b27fac539c2a796eb1fe45a5,commons_autor_d061f2b69759
/content/farmtech_fase6/dataset_20261004T164740010266Z/images/train/garrafa_034.jpg,garrafa_034.jpg,train,0,garrafa,1,960,1280,859044b635ca16c072c619ddb200b69bb8264932b6ff4bed710bcca8ac4e9761,commons_autor_28dc3ad81734
/content/farmtech_fase6/dataset_20261004T164740010266Z/images/train/garrafa_035.jpg,garrafa_035.jpg,train,0,garrafa,4,960,608,56c40c88345278a049d20dc265252f4b159d29f3c12654c5eb1e3c2830308e29,commons_autor_0b2394627bcd
/content/farmtech_fase6/dataset_20261004T164740010266Z/images/train/garrafa_036.jpg,garrafa_036.jpg,train,0,garrafa,1,960,1440,2148dc9aa8de243bd40b11e5895f1a75d3232e57349ba1deb0f66bf376cc7aff,commons_autor_5868d120ee65
/content/farmtech_fase6/dataset_20261004T164740010266Z/images/train/garrafa_037.jpg,garrafa_037.jpg,train,0,garrafa,1,960,1280,7cfad3086d5364d5f9bfb3a6b1831ac767a6812f1dcdbabd4c056e39f5a24f9a,commons_autor_c1cad3f36d0a
/content/farmtech_fase6/dataset_20261004T164740010266Z/images/train/garrafa_039.jpg,garrafa_039.jpg,train,0,garrafa,1,960,1280,7c591a3b94b0e78edd651a69f700aa0195f61fcc8da19affbc580aa9c7b40108,commons_autor_f1e9440e4037
/content/farmtech_fase6/dataset_20261004T164740010266Z/images/train/garrafa_042.jpg,garrafa_042.jpg,train,0,garrafa,1,960,1665,6b3c12b161bb9be2c36553d17ff85222bab3f28363ddc2a81cb6184b8d3043f6,commons_autor_80a1ad7e6101
/content/farmtech_fase6/dataset_20261004T164740010266Z/images/train/garrafa_043.jpg,garrafa_043.jpg,train,0,garrafa,4,960,1280,c72c6e31803fc37546793e77d56346845b955933854ef37edbfeb2964e6a02aa,commons_autor_61f58ae83d0d
/content/farmtech_fase6/dataset_20261004T164740010266Z/images/val/banana_004.jpg,banana_004.jpg,val,1,banana,1,1280,1209,4e44c673c58a314c58cefc1683fccc1bd74d22a29755ff214736a682b22ce2de,commons_autor_51432b3d9f2b
/content/farmtech_fase6/dataset_20261004T164740010266Z/images/val/banana_007.jpg,banana_007.jpg,val,1,banana,2,1280,857,7bcf01d880fe1c4a8c17e25c3b4959af9071f9a2b26ec09ffe483202285c379a,commons_autor_75d75d4c39c9
/content/farmtech_fase6/dataset_20261004T164740010266Z/images/val/banana_012.jpg,banana_012.jpg,val,1,banana,1,1280,960,a392558ea680ec092a9c4c922c8869b614b4984c34507d32d95351281b1b03f4,commons_autor_42ab3dfe60db
/content/farmtech_fase6/dataset_20261004T164740010266Z/images/val/banana_020.jpg,banana_020.jpg,val,1,banana,1,1280,1707,552f8a640f12c8db6d67601f8b07dcbf7435d01a7182dc43c68bc79813a9221e,commons_autor_9138e20de652
/content/farmtech_fase6/dataset_20261004T164740010266Z/images/val/garrafa_018.jpg,garrafa_018.jpg,val,0,garrafa,2,960,640,2d4dc37a89398e22a255c3b4edbac3580ba7862e9170d2bf5b9e1a311bf30e9c,commons_autor_b624b6363a0f
/content/farmtech_fase6/dataset_20261004T164740010266Z/images/val/garrafa_026.jpg,garrafa_026.jpg,val,0,garrafa,4,648,484,c982c4a63a3703c188677a1b1d5c77205477b89e44c62e628df70767a70cced6,commons_autor_af47c0ea3d4f
/content/farmtech_fase6/dataset_20261004T164740010266Z/images/val/garrafa_031.jpg,garrafa_031.jpg,val,0,garrafa,1,960,2081,b3aa6f2cdfb07ed6f4e4415028865dba1cd837ffdcbb055c83bc8693597e6eef,commons_autor_1731b399f5a2
/content/farmtech_fase6/dataset_20261004T164740010266Z/images/val/garrafa_040.jpg,garrafa_040.jpg,val,0,garrafa,9,960,720,c51adccf9539f77c6f3d1e8727e37b19977b0a8d72d9b90d0d5af897411d45ed,commons_autor_5d0f27a6fa2b
/content/farmtech_fase6/dataset_20261004T164740010266Z/images/test/banana_002.jpg,banana_002.jpg,test,1,banana,1,1280,1707,cee582f946cc1407addc6c683963586c0951e9115714e6a9882668e923eab4f3,commons_autor_34b3c3c9c5b5
/content/farmtech_fase6/dataset_20261004T164740010266Z/images/test/banana_015.jpg,banana_015.jpg,test,1,banana,1,1280,1024,ad7d94721b94f5890c38890fdd90391510321abc1ef90e4c78d6495ae9549fd1,commons_autor_966d8941dead
/content/farmtech_fase6/dataset_20261004T164740010266Z/images/test/banana_035.jpg,banana_035.jpg,test,1,banana,1,1280,1125,fd5c5d836c3ccbbafebc4c031cdd35127b5894267c2063c732dbe856f1b7ab28,commons_autor_0bbb142c9d17
/content/farmtech_fase6/dataset_20261004T164740010266Z/images/test/banana_037.jpg,banana_037.jpg,test,1,banana,1,1280,960,01ed211a5e482a9621a9021f86f9abc80138050788c1214a123c0338e7e82637,commons_autor_34b3c3c9c5b5
/content/farmtech_fase6/dataset_20261004T164740010266Z/images/test/garrafa_020.jpg,garrafa_020.jpg,test,0,garrafa,3,960,658,50a304d4ded203a8479dbf5cdd9089b9c8f93ee4b5be4fd23e4439b04afdcd5f,commons_autor_17aab7b28765
/content/farmtech_fase6/dataset_20261004T164740010266Z/images/test/garrafa_030.jpg,garrafa_030.jpg,test,0,garrafa,2,960,720,5ec030c4f3c58c6a4db1a17cc8adcee7673920f567aa585eebe4637e9adfdcf1,commons_autor_8321a86fb8f3
/content/farmtech_fase6/dataset_20261004T164740010266Z/images/test/garrafa_038.jpg,garrafa_038.jpg,test,0,garrafa,1,960,564,c49bdd866da2728abd623d4e20b7574bc0fdf151a7ebdbe84503983d653d6d99,commons_autor_8f19d0adca0e
/content/farmtech_fase6/dataset_20261004T164740010266Z/images/test/garrafa_041.jpg,garrafa_041.jpg,test,0,garrafa,2,960,720,ef014291d30085e3a15ada7883285595b5ae9042187bf902cba177ab3e863383,commons_autor_94ece69906ef
