modelo,split,arquivo,real,previsto,score
YOLOv5_30,val,banana_004.jpg,1,1,0.2845557928085327
YOLOv5_30,val,banana_007.jpg,1,1,0.5706833600997925
YOLOv5_30,val,banana_012.jpg,1,1,0.42578521370887756
YOLOv5_30,val,banana_020.jpg,1,1,0.6435964107513428
YOLOv5_30,val,garrafa_018.jpg,0,0,0.6427230834960938
YOLOv5_30,val,garrafa_026.jpg,0,0,0.52189040184021
YOLOv5_30,val,garrafa_031.jpg,0,0,0.43550196290016174
YOLOv5_30,val,garrafa_040.jpg,0,0,0.6440750360488892
YOLOv5_60,val,banana_004.jpg,1,1,0.3863387703895569
YOLOv5_60,val,banana_007.jpg,1,1,0.6388255953788757
YOLOv5_60,val,banana_012.jpg,1,1,0.4454992115497589
YOLOv5_60,val,banana_020.jpg,1,1,0.6240533590316772
YOLOv5_60,val,garrafa_018.jpg,0,0,0.7231401205062866
YOLOv5_60,val,garrafa_026.jpg,0,0,0.5178287029266357
YOLOv5_60,val,garrafa_031.jpg,0,1,0.34336793422698975
YOLOv5_60,val,garrafa_040.jpg,0,0,0.8053953647613525
YOLOv3_padrao,val,banana_004.jpg,1,1,0.9995837211608887
YOLOv3_padrao,val,banana_007.jpg,1,-1,0.0
YOLOv3_padrao,val,banana_012.jpg,1,1,0.9812817573547363
YOLOv3_padrao,val,banana_020.jpg,1,1,0.9711984395980835
YOLOv3_padrao,val,garrafa_018.jpg,0,0,0.9908967614173889
YOLOv3_padrao,val,garrafa_026.jpg,0,-1,0.0
YOLOv3_padrao,val,garrafa_031.jpg,0,0,0.5118997693061829
YOLOv3_padrao,val,garrafa_040.jpg,0,0,0.9931065440177917
CNN_do_zero,val,banana_004.jpg,1,1,0.5046933889389038
CNN_do_zero,val,banana_007.jpg,1,1,0.5374352931976318
CNN_do_zero,val,banana_012.jpg,1,1,0.5354140996932983
CNN_do_zero,val,banana_020.jpg,1,1,0.5236382484436035
CNN_do_zero,val,garrafa_018.jpg,0,1,0.518406331539154
CNN_do_zero,val,garrafa_026.jpg,0,1,0.5479568243026733
CNN_do_zero,val,garrafa_031.jpg,0,0,0.5012900829315186
CNN_do_zero,val,garrafa_040.jpg,0,1,0.5343680381774902
YOLOv5_30,test,banana_002.jpg,1,0,0.32115504145622253
YOLOv5_30,test,banana_015.jpg,1,1,0.6597926616668701
YOLOv5_30,test,banana_035.jpg,1,-1,0.0
YOLOv5_30,test,banana_037.jpg,1,1,0.4389106333255768
YOLOv5_30,test,garrafa_020.jpg,0,0,0.7641721367835999
YOLOv5_30,test,garrafa_030.jpg,0,0,0.7666791677474976
YOLOv5_30,test,garrafa_038.jpg,0,-1,0.0
YOLOv5_30,test,garrafa_041.jpg,0,0,0.6452433466911316
YOLOv5_60,test,banana_002.jpg,1,-1,0.0
YOLOv5_60,test,banana_015.jpg,1,1,0.803044319152832
YOLOv5_60,test,banana_035.jpg,1,1,0.2869143486022949
YOLOv5_60,test,banana_037.jpg,1,1,0.611746609210968
YOLOv5_60,test,garrafa_020.jpg,0,0,0.8393450975418091
YOLOv5_60,test,garrafa_030.jpg,0,0,0.8981471061706543
YOLOv5_60,test,garrafa_038.jpg,0,-1,0.0
YOLOv5_60,test,garrafa_041.jpg,0,0,0.3631715774536133
YOLOv3_padrao,test,banana_002.jpg,1,1,0.9764959812164307
YOLOv3_padrao,test,banana_015.jpg,1,1,0.9960001707077026
YOLOv3_padrao,test,banana_035.jpg,1,1,0.42973315715789795
YOLOv3_padrao,test,banana_037.jpg,1,1,0.9894233345985413
YOLOv3_padrao,test,garrafa_020.jpg,0,0,0.9987748861312866
YOLOv3_padrao,test,garrafa_030.jpg,0,0,0.8950343132019043
YOLOv3_padrao,test,garrafa_038.jpg,0,-1,0.0
YOLOv3_padrao,test,garrafa_041.jpg,0,0,0.9928054809570312
CNN_do_zero,test,banana_002.jpg,1,1,0.5171312093734741
CNN_do_zero,test,banana_015.jpg,1,1,0.51554936170578
CNN_do_zero,test,banana_035.jpg,1,1,0.54072505235672
CNN_do_zero,test,banana_037.jpg,1,1,0.506651759147644
CNN_do_zero,test,garrafa_020.jpg,0,0,0.5005905032157898
CNN_do_zero,test,garrafa_030.jpg,0,1,0.5116042494773865
CNN_do_zero,test,garrafa_038.jpg,0,1,0.5129413604736328
CNN_do_zero,test,garrafa_041.jpg,0,1,0.5216689109802246
