modelo,repeticao,imagem,tempo_ms
YOLOv5_30,0,0,175.2534439997362
YOLOv5_30,0,1,203.92283399996813
YOLOv5_30,0,2,198.9644129998851
YOLOv5_30,0,3,171.56410400002642
YOLOv5_30,0,4,158.4075849996225
YOLOv5_30,0,5,170.26622299999872
YOLOv5_30,0,6,134.92734700002984
YOLOv5_30,0,7,181.45214000014676
YOLOv5_30,1,0,167.95690300023125
YOLOv5_30,1,1,180.79578899960325
YOLOv5_30,1,2,202.1356069999456
YOLOv5_30,1,3,171.02481600022656
YOLOv5_30,1,4,153.52460400026757
YOLOv5_30,1,5,203.73406499993507
YOLOv5_30,1,6,133.22076900021784
YOLOv5_30,1,7,172.10956999997507
YOLOv5_30,2,0,179.05622799980847
YOLOv5_30,2,1,185.367017000317
YOLOv5_30,2,2,200.14238400017348
YOLOv5_30,2,3,180.37265600014507
YOLOv5_30,2,4,154.55051700018885
YOLOv5_30,2,5,175.13386200016612
YOLOv5_30,2,6,136.8922069996188
YOLOv5_30,2,7,171.7184060003092
YOLOv5_30,3,0,171.23815400009335
YOLOv5_30,3,1,193.32380400010152
YOLOv5_30,3,2,198.92318900019745
YOLOv5_30,3,3,171.54182000012952
YOLOv5_30,3,4,175.6719529998918
YOLOv5_30,3,5,166.19654299984177
YOLOv5_30,3,6,134.85844299975724
YOLOv5_30,3,7,182.44291199971485
YOLOv5_30,4,0,168.8774510002986
YOLOv5_30,4,1,182.73187400018287
YOLOv5_30,4,2,201.27113299986377
YOLOv5_30,4,3,208.06817799984856
YOLOv5_30,4,4,239.96789700004229
YOLOv5_30,4,5,247.04627999972217
YOLOv5_30,4,6,196.47303600004307
YOLOv5_30,4,7,242.36738100034927
YOLOv5_60,0,0,255.51620900023408
YOLOv5_60,0,1,257.6875229997313
YOLOv5_60,0,2,303.45340800022313
YOLOv5_60,0,3,250.4164749998381
YOLOv5_60,0,4,226.44875199966918
YOLOv5_60,0,5,240.8145079998576
YOLOv5_60,0,6,187.86910300013915
YOLOv5_60,0,7,252.54054200013343
YOLOv5_60,1,0,254.93482599995332
YOLOv5_60,1,1,258.18585100023483
YOLOv5_60,1,2,306.6766550000466
YOLOv5_60,1,3,281.5424460000031
YOLOv5_60,1,4,180.3618550002284
YOLOv5_60,1,5,172.54357599995274
YOLOv5_60,1,6,135.17630099977396
YOLOv5_60,1,7,170.25014199998623
YOLOv5_60,2,0,178.05779099990104
YOLOv5_60,2,1,195.67040800029645
YOLOv5_60,2,2,201.74712700008968
YOLOv5_60,2,3,169.69239899981403
YOLOv5_60,2,4,152.51209500002005
YOLOv5_60,2,5,179.0331080001124
YOLOv5_60,2,6,138.09689000026992
YOLOv5_60,2,7,177.4776130000646
YOLOv5_60,3,0,173.63393899995572
YOLOv5_60,3,1,178.71436899986293
YOLOv5_60,3,2,195.33442800002376
YOLOv5_60,3,3,168.1696330001614
YOLOv5_60,3,4,161.30358300006264
YOLOv5_60,3,5,187.9647149999073
YOLOv5_60,3,6,138.1715540001096
YOLOv5_60,3,7,169.75584600004368
YOLOv5_60,4,0,169.27167999983794
YOLOv5_60,4,1,182.43597600030625
YOLOv5_60,4,2,203.86335600005623
YOLOv5_60,4,3,208.2443819999753
YOLOv5_60,4,4,158.88726999992286
YOLOv5_60,4,5,169.80453500036674
YOLOv5_60,4,6,136.65251399970657
YOLOv5_60,4,7,174.55619499969544
YOLOv3_padrao,0,0,1002.6258420002705
YOLOv3_padrao,0,1,1000.1432459998796
YOLOv3_padrao,0,2,1244.9257309999666
YOLOv3_padrao,0,3,1234.717107999586
YOLOv3_padrao,0,4,1218.9170269998613
YOLOv3_padrao,0,5,1176.3669289998688
YOLOv3_padrao,0,6,990.2777980000792
YOLOv3_padrao,0,7,983.7701589999597
YOLOv3_padrao,1,0,1004.5742620000055
YOLOv3_padrao,1,1,1011.1362030002056
YOLOv3_padrao,1,2,997.6637939998909
YOLOv3_padrao,1,3,1012.909658999888
YOLOv3_padrao,1,4,1026.3235510001323
YOLOv3_padrao,1,5,1047.8287310002088
YOLOv3_padrao,1,6,1006.477189999714
YOLOv3_padrao,1,7,1123.2556360000672
YOLOv3_padrao,2,0,1243.1101779998244
YOLOv3_padrao,2,1,1209.5411519999288
YOLOv3_padrao,2,2,1256.8193289998817
YOLOv3_padrao,2,3,1002.2676389999106
YOLOv3_padrao,2,4,997.5541250000788
YOLOv3_padrao,2,5,1564.4570029999159
YOLOv3_padrao,2,6,1421.3597119996848
YOLOv3_padrao,2,7,1014.2540520000694
YOLOv3_padrao,3,0,999.8784899999009
YOLOv3_padrao,3,1,1000.9212370000569
YOLOv3_padrao,3,2,1000.5012440001337
YOLOv3_padrao,3,3,1044.057907000024
YOLOv3_padrao,3,4,1203.8375189999897
YOLOv3_padrao,3,5,1249.970296000356
YOLOv3_padrao,3,6,1203.6911949999194
YOLOv3_padrao,3,7,1121.0950069998944
YOLOv3_padrao,4,0,1022.0245659998
YOLOv3_padrao,4,1,988.1568800001332
YOLOv3_padrao,4,2,985.7256010000128
YOLOv3_padrao,4,3,988.7766130000273
YOLOv3_padrao,4,4,1017.6521349999348
YOLOv3_padrao,4,5,1013.2202570002846
YOLOv3_padrao,4,6,1017.6757109998107
YOLOv3_padrao,4,7,1007.1303449999505
CNN_do_zero,0,0,33.662872000149946
CNN_do_zero,0,1,25.809030999880633
CNN_do_zero,0,2,26.883052999892243
CNN_do_zero,0,3,24.63777499997377
CNN_do_zero,0,4,22.601554000175383
CNN_do_zero,0,5,23.834817000079056
CNN_do_zero,0,6,19.04978900029164
CNN_do_zero,0,7,19.462355000086973
CNN_do_zero,1,0,34.498319999784144
CNN_do_zero,1,1,25.183600999753253
CNN_do_zero,1,2,26.156727999932627
CNN_do_zero,1,3,24.996337999709795
CNN_do_zero,1,4,20.274190999771236
CNN_do_zero,1,5,19.72984300027747
CNN_do_zero,1,6,18.116466000265063
CNN_do_zero,1,7,19.85189500010165
CNN_do_zero,2,0,35.46032299982471
CNN_do_zero,2,1,26.950501000101212
CNN_do_zero,2,2,28.41205799995805
CNN_do_zero,2,3,25.099089999912394
CNN_do_zero,2,4,19.270901000254526
CNN_do_zero,2,5,19.335887000124785
CNN_do_zero,2,6,18.33033000002615
CNN_do_zero,2,7,19.524563000231865
CNN_do_zero,3,0,34.48489300035362
CNN_do_zero,3,1,26.33670199975313
CNN_do_zero,3,2,26.338988000134123
CNN_do_zero,3,3,23.99125500005539
CNN_do_zero,3,4,19.343048999871826
CNN_do_zero,3,5,19.524494000052073
CNN_do_zero,3,6,18.32070799991925
CNN_do_zero,3,7,21.052296000107162
CNN_do_zero,4,0,34.76806999969995
CNN_do_zero,4,1,26.868544000080874
CNN_do_zero,4,2,26.137034999919706
CNN_do_zero,4,3,28.08121799989749
CNN_do_zero,4,4,30.024742000023252
CNN_do_zero,4,5,19.718273999842495
CNN_do_zero,4,6,18.211294999673555
CNN_do_zero,4,7,19.871935000082885
