               epoch,      train/box_loss,      train/obj_loss,      train/cls_loss,   metrics/precision,      metrics/recall,     metrics/mAP_0.5,metrics/mAP_0.5:0.95,        val/box_loss,        val/obj_loss,        val/cls_loss,               x/lr0,               x/lr1,               x/lr2
                   0,             0.11965,            0.036901,            0.030066,           0.0024166,             0.29375,           0.0034101,          0.00070153,             0.11436,            0.027954,            0.032068,              0.0937,              0.0007,              0.0007
                   1,             0.10719,            0.039238,            0.027029,           0.0032097,             0.25625,             0.01351,           0.0070175,             0.10978,            0.025703,            0.030389,             0.08645,           0.0014505,           0.0014505
                   2,             0.10763,            0.038243,             0.02773,            0.066665,             0.03125,            0.044481,            0.023184,               0.104,            0.023945,              0.0284,            0.079148,           0.0021482,           0.0021482
                   3,            0.099464,            0.042915,            0.025477,             0.32589,            0.059707,             0.07137,            0.034442,            0.097531,             0.02216,            0.025946,            0.071793,           0.0027931,           0.0027931
                   4,            0.090099,            0.040313,            0.023201,             0.21447,             0.09375,             0.11606,            0.053925,             0.09109,            0.021544,            0.024512,            0.064385,           0.0033852,           0.0033852
                   5,            0.089969,            0.038645,            0.020435,             0.16726,             0.18432,             0.16318,             0.07818,            0.083929,             0.02145,            0.022632,            0.056925,           0.0039245,           0.0039245
                   6,            0.083572,            0.040705,            0.018696,             0.27124,             0.39746,             0.21792,             0.10632,            0.082023,            0.020542,            0.020801,            0.049411,            0.004411,            0.004411
                   7,            0.079843,             0.03923,            0.016037,             0.40572,             0.39375,             0.29696,             0.13571,            0.078523,            0.020403,            0.019452,            0.041845,           0.0048447,           0.0048447
                   8,            0.075855,             0.04103,            0.014491,             0.38296,               0.325,             0.24329,             0.12433,            0.077181,            0.020723,            0.018347,            0.034226,           0.0052256,           0.0052256
                   9,            0.073712,            0.037166,            0.011704,             0.40173,             0.49375,             0.30871,             0.10747,            0.077249,            0.020613,             0.01694,            0.026554,           0.0055537,           0.0055537
                  10,            0.075602,            0.033034,            0.010588,              0.7727,               0.325,             0.41044,             0.16722,            0.071833,            0.019684,            0.017551,            0.018829,            0.005829,            0.005829
                  11,            0.064724,            0.036289,            0.010803,             0.63456,             0.31454,             0.40241,             0.15851,             0.07285,            0.019224,            0.016409,            0.011052,           0.0060515,           0.0060515
                  12,            0.064896,            0.031151,            0.010953,             0.37832,              0.4199,             0.27408,            0.091435,            0.076235,            0.019224,             0.01601,             0.00604,             0.00604,             0.00604
                  13,             0.06888,            0.036044,           0.0089484,             0.40344,               0.425,             0.32862,             0.19259,            0.072576,            0.019579,            0.014734,             0.00604,             0.00604,             0.00604
                  14,            0.069281,             0.03446,            0.008089,             0.19563,             0.51875,             0.21232,             0.11135,            0.073731,            0.018713,            0.013797,             0.00571,             0.00571,             0.00571
                  15,            0.066911,            0.036442,            0.007563,             0.53706,             0.50266,             0.44999,             0.26506,             0.06811,            0.018799,            0.013702,             0.00538,             0.00538,             0.00538
                  16,            0.061705,            0.036163,           0.0078319,             0.57989,              0.4875,             0.50904,             0.33055,            0.069094,            0.018705,            0.014688,             0.00505,             0.00505,             0.00505
                  17,            0.064645,            0.035535,           0.0086956,             0.76182,               0.351,             0.47336,              0.2475,            0.067047,            0.019035,            0.014572,             0.00472,             0.00472,             0.00472
                  18,             0.06558,            0.033089,           0.0075739,             0.75561,             0.43368,              0.4763,             0.33449,            0.066497,            0.018997,            0.014505,             0.00439,             0.00439,             0.00439
                  19,            0.065416,              0.0295,           0.0063935,              0.4389,             0.45625,             0.44142,             0.23874,            0.065633,            0.019222,            0.015091,             0.00406,             0.00406,             0.00406
                  20,            0.059734,            0.034522,           0.0054396,             0.67093,              0.4875,             0.49904,             0.26144,            0.066778,            0.019072,            0.014694,             0.00373,             0.00373,             0.00373
                  21,            0.062331,            0.029718,           0.0048679,              0.5356,              0.4875,             0.47818,             0.30105,            0.062657,            0.019203,            0.014056,              0.0034,              0.0034,              0.0034
                  22,             0.05716,            0.038254,           0.0045309,             0.78493,              0.4875,             0.50712,             0.33802,            0.060438,            0.019163,            0.013165,             0.00307,             0.00307,             0.00307
                  23,            0.057226,            0.030342,            0.004345,             0.73457,             0.59892,             0.61288,             0.35412,            0.059859,            0.019058,            0.012256,             0.00274,             0.00274,             0.00274
                  24,            0.060066,            0.032653,           0.0054792,             0.58791,              0.4875,             0.49222,             0.32675,            0.058882,             0.01926,            0.011514,             0.00241,             0.00241,             0.00241
                  25,            0.057328,            0.033012,           0.0060444,             0.74377,              0.4875,             0.55073,              0.3815,            0.059026,            0.019451,            0.011368,             0.00208,             0.00208,             0.00208
                  26,            0.055798,            0.027712,           0.0055239,             0.86127,              0.4875,             0.53145,             0.37143,             0.05903,            0.019371,            0.011061,             0.00175,             0.00175,             0.00175
                  27,            0.053261,            0.030907,           0.0063178,              0.8583,              0.4875,             0.56198,             0.38623,            0.058391,            0.019403,            0.010864,             0.00142,             0.00142,             0.00142
                  28,            0.055117,            0.037535,           0.0062516,             0.76424,             0.58841,             0.61076,             0.38102,            0.058199,            0.019314,            0.010571,             0.00109,             0.00109,             0.00109
                  29,            0.051864,            0.030712,            0.005433,             0.86634,              0.5687,             0.61898,             0.38612,            0.057945,             0.01926,            0.010747,             0.00076,             0.00076,             0.00076
