arquivo,split,classe,grupo,origem,licenca_ou_autorizacao,autor,licenca_url,titulo_original,url_original,url_download,data_coleta,sha256_download,sha256_dataset,largura,altura,variacao_visual,disposicao,modificacao,rotulacao
garrafa_001.jpg,train,garrafa,matheus_20261003_sessao_casa,fotografia do autor; Photos-1-001.zip,fornecida pelo autor para o projeto,Matheus Silva Riscado,,IMG_20261003_202419636.jpg,,,2026-10-03,c86b4b413b4585a0da26f8cb74d3c6d67879647f3b8ec7419e572bb74682f62e,79615e09ed6d6bd74cfa7fef471434e7eb1addb0f38c600de1188c114c8d3a93,1200,1600,sessao_domestica; angulos_distancias_e_luz_variados,uma_ou_varias_garrafas,orientacao EXIF; lado maior ate 1600px; JPEG sem EXIF/GPS; sem recorte,pendente_Make_Sense_AI
garrafa_002.jpg,train,garrafa,matheus_20261003_sessao_casa,fotografia do autor; Photos-1-001.zip,fornecida pelo autor para o projeto,Matheus Silva Riscado,,IMG_20261003_202427371.jpg,,,2026-10-03,c1de941bae4f2245e5dd37ade8a07baf7b27409562c636df8bba9a9e17f8d301,545fbc7daa8bb24e96b9af8d813de28f1903892810f4d5351059455f21cb7735,1200,1600,sessao_domestica; angulos_distancias_e_luz_variados,uma_ou_varias_garrafas,orientacao EXIF; lado maior ate 1600px; JPEG sem EXIF/GPS; sem recorte,pendente_Make_Sense_AI
garrafa_003.jpg,train,garrafa,matheus_20261003_sessao_casa,fotografia do autor; Photos-1-001.zip,fornecida pelo autor para o projeto,Matheus Silva Riscado,,IMG_20261003_202841884_HDR.jpg,,,2026-10-03,ce892c1a9e1b53ccadeb98b09003dfef01e0246ad7ea8530f341c785ef363a0f,516dd2be008cf8b9c41b7689ba36452fcf3bbd6eae7895942534573ea41ab174,1200,1600,sessao_domestica; angulos_distancias_e_luz_variados,uma_ou_varias_garrafas,orientacao EXIF; lado maior ate 1600px; JPEG sem EXIF/GPS; sem recorte,pendente_Make_Sense_AI
garrafa_004.jpg,train,garrafa,matheus_20261003_sessao_casa,fotografia do autor; Photos-1-001.zip,fornecida pelo autor para o projeto,Matheus Silva Riscado,,IMG_20261003_202843486_HDR.jpg,,,2026-10-03,fd808a32d3620dc003d4816b9ba3478cdf4f2f9e18c63ea81d59c6ccaee893eb,585796e1aa312cea27f3fc4ae998e8810df792bb76c50482243cee29aed2eff4,1200,1600,sessao_domestica; angulos_distancias_e_luz_variados,uma_ou_varias_garrafas,orientacao EXIF; lado maior ate 1600px; JPEG sem EXIF/GPS; sem recorte,pendente_Make_Sense_AI
garrafa_006.jpg,train,garrafa,matheus_20261003_sessao_casa,fotografia do autor; Photos-1-001.zip,fornecida pelo autor para o projeto,Matheus Silva Riscado,,IMG_20261003_202913340_HDR.jpg,,,2026-10-03,6127e694185da538b6ca7e6c41300740be4776db23b9f4ba1bd27e283fd3cc66,497fdf8733405f0208bc1572c196a519aef0d00c2546566b9adbc3ca90e34965,1200,1600,sessao_domestica; angulos_distancias_e_luz_variados,uma_ou_varias_garrafas,orientacao EXIF; lado maior ate 1600px; JPEG sem EXIF/GPS; sem recorte,pendente_Make_Sense_AI
garrafa_007.jpg,train,garrafa,matheus_20261003_sessao_casa,fotografia do autor; Photos-1-001.zip,fornecida pelo autor para o projeto,Matheus Silva Riscado,,IMG_20261003_202918151_HDR.jpg,,,2026-10-03,d053a1fcd27549510a73deb5c0c59804561ae61c6a83dcd91c6c8de9225128f9,a7cb3f162f5252c196436b25228e9d424b9ab864398525333606a65e78235535,1600,1200,sessao_domestica; angulos_distancias_e_luz_variados,uma_ou_varias_garrafas,orientacao EXIF; lado maior ate 1600px; JPEG sem EXIF/GPS; sem recorte,pendente_Make_Sense_AI
garrafa_010.jpg,train,garrafa,matheus_20261003_sessao_casa,fotografia do autor; Photos-1-001.zip,fornecida pelo autor para o projeto,Matheus Silva Riscado,,IMG_20261003_202936837_HDR.jpg,,,2026-10-03,b864a91d6a7171b6b6a6200203566e655e8fb1b1d836c08b3cddcbe546679cf3,e801a6a363dd535a9c6ac0ce9b0a4256f3b60bae7f9c394774b9c16385c8a216,1200,1600,sessao_domestica; angulos_distancias_e_luz_variados,uma_ou_varias_garrafas,orientacao EXIF; lado maior ate 1600px; JPEG sem EXIF/GPS; sem recorte,pendente_Make_Sense_AI
garrafa_011.jpg,train,garrafa,matheus_20261003_sessao_casa,fotografia do autor; Photos-1-001.zip,fornecida pelo autor para o projeto,Matheus Silva Riscado,,IMG_20261003_202941643_HDR.jpg,,,2026-10-03,52e461aeaa22eb3be96a4c3bb04258dafb657a735fdc69747feef601c3a4792f,a61597319e0097c43450018e5f3f387d30b49dc3ef9bf2e2ae87568ee7d5c415,1200,1600,sessao_domestica; angulos_distancias_e_luz_variados,uma_ou_varias_garrafas,orientacao EXIF; lado maior ate 1600px; JPEG sem EXIF/GPS; sem recorte,pendente_Make_Sense_AI
garrafa_012.jpg,train,garrafa,matheus_20261003_sessao_casa,fotografia do autor; Photos-1-001.zip,fornecida pelo autor para o projeto,Matheus Silva Riscado,,IMG_20261003_202955528_HDR.jpg,,,2026-10-03,0c6d03215380807a9d05f026d82fe5e3b7a4bc1210ba48849de6bb7e71d15155,6a4f143bcabde0001433b9dc15a053952cd48558988722711d3fddfabd0efd8a,1200,1600,sessao_domestica; angulos_distancias_e_luz_variados,uma_ou_varias_garrafas,orientacao EXIF; lado maior ate 1600px; JPEG sem EXIF/GPS; sem recorte,pendente_Make_Sense_AI
garrafa_013.jpg,train,garrafa,matheus_20261003_sessao_casa,fotografia do autor; Photos-1-001.zip,fornecida pelo autor para o projeto,Matheus Silva Riscado,,IMG_20261003_203001538_HDR.jpg,,,2026-10-03,a12b94730b00cd726a5f14208d3115a3c90b3d0c4469d3c44268bcbf2a8af411,ea64f4ab281387179cb8d5bc310c770651726319191e9bebe52245db716fcdde,1200,1600,sessao_domestica; angulos_distancias_e_luz_variados,uma_ou_varias_garrafas,orientacao EXIF; lado maior ate 1600px; JPEG sem EXIF/GPS; sem recorte,pendente_Make_Sense_AI
garrafa_014.jpg,train,garrafa,matheus_20261003_sessao_casa,fotografia do autor; Photos-1-001.zip,fornecida pelo autor para o projeto,Matheus Silva Riscado,,IMG_20261003_203003120_HDR.jpg,,,2026-10-03,11c7b8c000e75ada49027fb33596c9bc1c21d3118bac88f8acce9a7041c2b93f,4e7a6b8b66af39056fb1c3953a890327d1050e2eabc16b12be0446cd14a2be40,1200,1600,sessao_domestica; angulos_distancias_e_luz_variados,uma_ou_varias_garrafas,orientacao EXIF; lado maior ate 1600px; JPEG sem EXIF/GPS; sem recorte,pendente_Make_Sense_AI
garrafa_015.jpg,train,garrafa,matheus_20261003_sessao_casa,fotografia do autor; Photos-1-001.zip,fornecida pelo autor para o projeto,Matheus Silva Riscado,,IMG_20261003_203007750_HDR.jpg,,,2026-10-03,15d87e5e07e7b1f97d3d3da62018e3d30792a6474ba76c52f7139593ccc1e58b,103f0bc8eed7874c7223c93546b19f13cd8d6f03859a1f4014befbcb31762ca0,1200,1600,sessao_domestica; angulos_distancias_e_luz_variados,uma_ou_varias_garrafas,orientacao EXIF; lado maior ate 1600px; JPEG sem EXIF/GPS; sem recorte,pendente_Make_Sense_AI
garrafa_016.jpg,train,garrafa,matheus_20261003_sessao_casa,fotografia do autor; Photos-1-001.zip,fornecida pelo autor para o projeto,Matheus Silva Riscado,,IMG_20261003_203011720_HDR.jpg,,,2026-10-03,cea42b0d81bc15b69361a084d532820c215179af8976d541f9f8200135733c2c,c0cc8e4d6f697d1ff68a7a7a75adeccc841fabdc423af4ac528e1a742354cd19,1200,1600,sessao_domestica; angulos_distancias_e_luz_variados,uma_ou_varias_garrafas,orientacao EXIF; lado maior ate 1600px; JPEG sem EXIF/GPS; sem recorte,pendente_Make_Sense_AI
garrafa_017.jpg,train,garrafa,matheus_20261003_sessao_casa,fotografia do autor; Photos-1-001.zip,fornecida pelo autor para o projeto,Matheus Silva Riscado,,IMG_20261003_203041029.jpg,,,2026-10-03,eff9d8ad5d9fc4a63b2bf1ea861ea96b7a796085299e1be38b92d57f38fcd9e1,928dff814bb4e401db8fb78fad645e04aedfe0f7db62bfecfbc9bd36402318c9,1200,1600,sessao_domestica; angulos_distancias_e_luz_variados,uma_ou_varias_garrafas,orientacao EXIF; lado maior ate 1600px; JPEG sem EXIF/GPS; sem recorte,pendente_Make_Sense_AI
garrafa_018.jpg,val,garrafa,commons_autor_b624b6363a0f,https://commons.wikimedia.org/wiki/File:Belu_Bottled_Mineral_Water.jpg,CC BY-SA 4.0,Beluwater,https://creativecommons.org/licenses/by-sa/4.0,File:Belu Bottled Mineral Water.jpg,https://upload.wikimedia.org/wikipedia/commons/8/86/Belu_Bottled_Mineral_Water.jpg?utm_source=commons.wikimedia.org&utm_campaign=imageinfo&utm_content=original,https://thumb.wikimedia.org/wikipedia/commons/thumb/8/86/Belu_Bottled_Mineral_Water.jpg/960px-Belu_Bottled_Mineral_Water.jpg?utm_source=commons.wikimedia.org&utm_campaign=imageinfo&utm_content=thumbnail,2026-10-03,e8f8d9cfecd3b7f8ef69e557a517dbf20f4ebceaf04ce60766e5e112ee285fb1,ba77ddd1fc5c072c95259590875b094de09e7c6581d76990a50cdf2ea4293a74,960,640,vidro_plastico_ou_metal; cenas_variadas,uma_ou_varias_garrafas,thumbnail Wikimedia; orientação EXIF aplicada; JPEG sem EXIF; sem recorte ou síntese,pendente_Make_Sense_AI
garrafa_019.jpg,train,garrafa,commons_autor_8c8888fc8fef,https://commons.wikimedia.org/wiki/File:Food_on_Mallorca_08.jpg,CC BY-SA 4.0,Kritzolina,https://creativecommons.org/licenses/by-sa/4.0,File:Food on Mallorca 08.jpg,https://upload.wikimedia.org/wikipedia/commons/1/1a/Food_on_Mallorca_08.jpg?utm_source=commons.wikimedia.org&utm_campaign=imageinfo&utm_content=original,https://thumb.wikimedia.org/wikipedia/commons/thumb/1/1a/Food_on_Mallorca_08.jpg/960px-Food_on_Mallorca_08.jpg?utm_source=commons.wikimedia.org&utm_campaign=imageinfo&utm_content=thumbnail,2026-10-03,66afcea35aae53434dbaa2fad746df0ea83b4b3c157202aa000e8a8d8c3fb2b8,78cb1011a8d4db779d550d4cb8d371717af7b9f3ea4d5d0e6fe77a8caa872076,960,1440,vidro_plastico_ou_metal; cenas_variadas,uma_ou_varias_garrafas,thumbnail Wikimedia; orientação EXIF aplicada; JPEG sem EXIF; sem recorte ou síntese,pendente_Make_Sense_AI
garrafa_020.jpg,test,garrafa,commons_autor_17aab7b28765,https://commons.wikimedia.org/wiki/File:Lahden_Laune_kivenn%C3%A4isvesi.jpg,CC BY 4.0,"Riihimäen Lasi Oy, Valmistaja ; Mallasjuoma Oy, Valmistaja 1984",https://creativecommons.org/licenses/by/4.0,File:Lahden Laune kivennäisvesi.jpg,https://upload.wikimedia.org/wikipedia/commons/e/e5/Lahden_Laune_kivenn%C3%A4isvesi.jpg?utm_source=commons.wikimedia.org&utm_campaign=imageinfo&utm_content=original,https://thumb.wikimedia.org/wikipedia/commons/thumb/e/e5/Lahden_Laune_kivenn%C3%A4isvesi.jpg/960px-Lahden_Laune_kivenn%C3%A4isvesi.jpg?utm_source=commons.wikimedia.org&utm_campaign=imageinfo&utm_content=thumbnail,2026-10-03,4fe16d1a111ebe6c8ba16d1c0db7418679fe6b65e93937e9f06a27f39d516275,20f763688c5f149cb423a4450533c731acb72e1f0a04413571d6e4d64c7a8017,960,658,vidro_plastico_ou_metal; cenas_variadas,uma_ou_varias_garrafas,thumbnail Wikimedia; orientação EXIF aplicada; JPEG sem EXIF; sem recorte ou síntese,pendente_Make_Sense_AI
garrafa_021.jpg,train,garrafa,commons_autor_2f60394b43d6,https://commons.wikimedia.org/wiki/File:Leeuwarden_%E2%80%94_Water_jug_in_De_Skeve_Toren.jpg,CC BY 4.0,OmegaFallon,https://creativecommons.org/licenses/by/4.0,File:Leeuwarden — Water jug in De Skeve Toren.jpg,https://upload.wikimedia.org/wikipedia/commons/2/2b/Leeuwarden_%E2%80%94_Water_jug_in_De_Skeve_Toren.jpg?utm_source=commons.wikimedia.org&utm_campaign=imageinfo&utm_content=original,https://thumb.wikimedia.org/wikipedia/commons/thumb/2/2b/Leeuwarden_%E2%80%94_Water_jug_in_De_Skeve_Toren.jpg/960px-Leeuwarden_%E2%80%94_Water_jug_in_De_Skeve_Toren.jpg?utm_source=commons.wikimedia.org&utm_campaign=imageinfo&utm_content=thumbnail,2026-10-03,623ead8da0418859b730cfbf2c15ce946cddb47c1fec5c6f687267074485ad0c,b0d6dc5341ed2d8cf6d0492243746b1a096f8629771ba7e4f335d7eb8a23ae21,960,1280,vidro_plastico_ou_metal; cenas_variadas,uma_ou_varias_garrafas,thumbnail Wikimedia; orientação EXIF aplicada; JPEG sem EXIF; sem recorte ou síntese,pendente_Make_Sense_AI
garrafa_022.jpg,train,garrafa,commons_autor_22685ee92ac9,https://commons.wikimedia.org/wiki/File:Roemerquelle_mineral_water1.jpg,CC0,Lysippos,http://creativecommons.org/publicdomain/zero/1.0/deed.en,File:Roemerquelle mineral water1.jpg,https://upload.wikimedia.org/wikipedia/commons/3/35/Roemerquelle_mineral_water1.jpg?utm_source=commons.wikimedia.org&utm_campaign=imageinfo&utm_content=original,https://thumb.wikimedia.org/wikipedia/commons/thumb/3/35/Roemerquelle_mineral_water1.jpg/960px-Roemerquelle_mineral_water1.jpg?utm_source=commons.wikimedia.org&utm_campaign=imageinfo&utm_content=thumbnail,2026-10-03,23e7efeb01f71c9cbe5bdf67373f021fa2527a7321cba402d8d37f50c3d25a44,30587ef29a1120564dda89ccbb815a2f38917d03dbd825cbb540f1d5b70fb974,960,1549,vidro_plastico_ou_metal; cenas_variadas,uma_ou_varias_garrafas,thumbnail Wikimedia; orientação EXIF aplicada; JPEG sem EXIF; sem recorte ou síntese,pendente_Make_Sense_AI
garrafa_023.jpg,train,garrafa,commons_autor_1df9816a2069,"https://commons.wikimedia.org/wiki/File:%C4%8Ceperka_(zanikl%C3%A9_l%C3%A1zn%C4%9B),_lahve_na_miner%C3%A1ln%C3%AD_vodu.jpg",CC0,Unknown author Unknown author,http://creativecommons.org/publicdomain/zero/1.0/deed.en,"File:Čeperka (zaniklé lázně), lahve na minerální vodu.jpg",https://upload.wikimedia.org/wikipedia/commons/1/12/%C4%8Ceperka_%28zanikl%C3%A9_l%C3%A1zn%C4%9B%29%2C_lahve_na_miner%C3%A1ln%C3%AD_vodu.jpg?utm_source=commons.wikimedia.org&utm_campaign=imageinfo&utm_content=original,https://thumb.wikimedia.org/wikipedia/commons/thumb/1/12/%C4%8Ceperka_%28zanikl%C3%A9_l%C3%A1zn%C4%9B%29%2C_lahve_na_miner%C3%A1ln%C3%AD_vodu.jpg/960px-%C4%8Ceperka_%28zanikl%C3%A9_l%C3%A1zn%C4%9B%29%2C_lahve_na_miner%C3%A1ln%C3%AD_vodu.jpg?utm_source=commons.wikimedia.org&utm_campaign=imageinfo&utm_content=thumbnail,2026-10-03,2c86a42cae85e1ee4b2c2c7680260489d3f9d94e265879bb7e5739b87e3a526b,c7b6650231c87d6452990461ca9f2754fe3d2dd14440b7d3968b6e3057f8f91a,960,1440,vidro_plastico_ou_metal; cenas_variadas,uma_ou_varias_garrafas,thumbnail Wikimedia; orientação EXIF aplicada; JPEG sem EXIF; sem recorte ou síntese,pendente_Make_Sense_AI
garrafa_024.jpg,train,garrafa,commons_autor_10c2a68f9561,https://commons.wikimedia.org/wiki/File:18oz_Thermos_hydration_bottle.jpg,CC BY 4.0,Based5290,https://creativecommons.org/licenses/by/4.0,File:18oz Thermos hydration bottle.jpg,https://upload.wikimedia.org/wikipedia/commons/a/aa/18oz_Thermos_hydration_bottle.jpg?utm_source=commons.wikimedia.org&utm_campaign=imageinfo&utm_content=original,https://thumb.wikimedia.org/wikipedia/commons/thumb/a/aa/18oz_Thermos_hydration_bottle.jpg/960px-18oz_Thermos_hydration_bottle.jpg?utm_source=commons.wikimedia.org&utm_campaign=imageinfo&utm_content=thumbnail,2026-10-03,474b773d5e90718f180b5b4ff4b0a38bb0417aae49d32d3a5bdc6c6ce8a7f3cb,552f11f9fd441d3c8db61e323515625ca5ebc4929ec4705a337700adec36a473,960,1177,vidro_plastico_ou_metal; cenas_variadas,uma_ou_varias_garrafas,thumbnail Wikimedia; orientação EXIF aplicada; JPEG sem EXIF; sem recorte ou síntese,pendente_Make_Sense_AI
garrafa_025.jpg,train,garrafa,commons_autor_fd9ae89a57f7,https://commons.wikimedia.org/wiki/File:COD_Hosts_Rallies_to_Help_Students_Register_Early_for_Spring_2020_Term_22_(48986471822).jpg,CC BY 2.0,COD Newsroom,https://creativecommons.org/licenses/by/2.0,File:COD Hosts Rallies to Help Students Register Early for Spring 2020 Term 22 (48986471822).jpg,https://upload.wikimedia.org/wikipedia/commons/b/bd/COD_Hosts_Rallies_to_Help_Students_Register_Early_for_Spring_2020_Term_22_%2848986471822%29.jpg?utm_source=commons.wikimedia.org&utm_campaign=imageinfo&utm_content=original,https://thumb.wikimedia.org/wikipedia/commons/thumb/b/bd/COD_Hosts_Rallies_to_Help_Students_Register_Early_for_Spring_2020_Term_22_%2848986471822%29.jpg/960px-COD_Hosts_Rallies_to_Help_Students_Register_Early_for_Spring_2020_Term_22_%2848986471822%29.jpg?utm_source=commons.wikimedia.org&utm_campaign=imageinfo&utm_content=thumbnail,2026-10-03,536f5464c4a1039e7b3df0ea7ff6c62cfda731da955d1499b02635b5437ac0ca,1aa3bc4aa0edbedea95f2492c58b59ec671330c60cb53c6b297a00967db095d5,960,640,vidro_plastico_ou_metal; cenas_variadas,uma_ou_varias_garrafas,thumbnail Wikimedia; orientação EXIF aplicada; JPEG sem EXIF; sem recorte ou síntese,pendente_Make_Sense_AI
garrafa_026.jpg,val,garrafa,commons_autor_af47c0ea3d4f,https://commons.wikimedia.org/wiki/File:Cookie_Monster_and_Oscar_the_Grouch_Bottles.JPG,CC BY-SA 3.0,ParentingPatch,https://creativecommons.org/licenses/by-sa/3.0,File:Cookie Monster and Oscar the Grouch Bottles.JPG,https://upload.wikimedia.org/wikipedia/commons/b/b0/Cookie_Monster_and_Oscar_the_Grouch_Bottles.JPG?utm_source=commons.wikimedia.org&utm_campaign=imageinfo&utm_content=original,https://upload.wikimedia.org/wikipedia/commons/b/b0/Cookie_Monster_and_Oscar_the_Grouch_Bottles.JPG?utm_source=commons.wikimedia.org&utm_campaign=imageinfo&utm_content=thumbnail_unscaled,2026-10-03,e31c668deff14b834bc4fbe2728f85f345d5bdd1265bd4b39faaa4a0f1f7253e,f2bab5242d703ee055d9541be99e5458c6959472501fb22627a713f73ca0e816,648,484,vidro_plastico_ou_metal; cenas_variadas,uma_ou_varias_garrafas,thumbnail Wikimedia; orientação EXIF aplicada; JPEG sem EXIF; sem recorte ou síntese,pendente_Make_Sense_AI
garrafa_027.jpg,train,garrafa,commons_autor_ac0814bda8da,https://commons.wikimedia.org/wiki/File:Ekological.jpg,CC BY-SA 4.0,Pedrosotomayor34,https://creativecommons.org/licenses/by-sa/4.0,File:Ekological.jpg,https://upload.wikimedia.org/wikipedia/commons/f/f9/Ekological.jpg?utm_source=commons.wikimedia.org&utm_campaign=imageinfo&utm_content=original,https://thumb.wikimedia.org/wikipedia/commons/thumb/f/f9/Ekological.jpg/960px-Ekological.jpg?utm_source=commons.wikimedia.org&utm_campaign=imageinfo&utm_content=thumbnail,2026-10-03,d37d42d07c88f5b7aa89cf7baacb6fb9c1e3d5e969c09a109190c2282c884c3b,c6bc08814ee0531093f8ebe45358c281e17ef3686c1a896482c03d0656c3bb46,960,720,vidro_plastico_ou_metal; cenas_variadas,uma_ou_varias_garrafas,thumbnail Wikimedia; orientação EXIF aplicada; JPEG sem EXIF; sem recorte ou síntese,pendente_Make_Sense_AI
garrafa_028.jpg,train,garrafa,commons_autor_2d742f0e3f6e,https://commons.wikimedia.org/wiki/File:Frida_Kahlo_bottle_SIGG_fake.jpg,CC BY-SA 4.0,l&d,https://creativecommons.org/licenses/by-sa/4.0,File:Frida Kahlo bottle SIGG fake.jpg,https://upload.wikimedia.org/wikipedia/commons/f/f6/Frida_Kahlo_bottle_SIGG_fake.jpg?utm_source=commons.wikimedia.org&utm_campaign=imageinfo&utm_content=original,https://thumb.wikimedia.org/wikipedia/commons/thumb/f/f6/Frida_Kahlo_bottle_SIGG_fake.jpg/960px-Frida_Kahlo_bottle_SIGG_fake.jpg?utm_source=commons.wikimedia.org&utm_campaign=imageinfo&utm_content=thumbnail,2026-10-03,aac4abe32afce468194627c01b0bc8acd4494d345f8fd6b5c5c214541f8eebe4,72a8444e6760e0b889f8a6c14d7eaee6b6b1ab0e7dc2af1a50dd5504f572c43a,960,1440,vidro_plastico_ou_metal; cenas_variadas,uma_ou_varias_garrafas,thumbnail Wikimedia; orientação EXIF aplicada; JPEG sem EXIF; sem recorte ou síntese,pendente_Make_Sense_AI
garrafa_029.jpg,train,garrafa,commons_autor_2985b718e78c,https://commons.wikimedia.org/wiki/File:Google_water_bottle.jpg,CC BY-SA 4.0,3dollarsinmybankaccount,https://creativecommons.org/licenses/by-sa/4.0,File:Google water bottle.jpg,https://upload.wikimedia.org/wikipedia/commons/e/e0/Google_water_bottle.jpg?utm_source=commons.wikimedia.org&utm_campaign=imageinfo&utm_content=original,https://thumb.wikimedia.org/wikipedia/commons/thumb/e/e0/Google_water_bottle.jpg/960px-Google_water_bottle.jpg?utm_source=commons.wikimedia.org&utm_campaign=imageinfo&utm_content=thumbnail,2026-10-03,a87055710e8037031651c648e8b74380bb44621668195d3e46cba2b158530662,a6c19ba8a583794c00e5b576bab3d11f5c9d38dd970418b5f6b13f5590144b13,960,1280,vidro_plastico_ou_metal; cenas_variadas,uma_ou_varias_garrafas,thumbnail Wikimedia; orientação EXIF aplicada; JPEG sem EXIF; sem recorte ou síntese,pendente_Make_Sense_AI
garrafa_030.jpg,test,garrafa,commons_autor_8321a86fb8f3,https://commons.wikimedia.org/wiki/File:Metal_Water_Bottles.jpeg,CC0,Amraepowell,http://creativecommons.org/publicdomain/zero/1.0/deed.en,File:Metal Water Bottles.jpeg,https://upload.wikimedia.org/wikipedia/commons/4/45/Metal_Water_Bottles.jpeg?utm_source=commons.wikimedia.org&utm_campaign=imageinfo&utm_content=original,https://thumb.wikimedia.org/wikipedia/commons/thumb/4/45/Metal_Water_Bottles.jpeg/960px-Metal_Water_Bottles.jpeg?utm_source=commons.wikimedia.org&utm_campaign=imageinfo&utm_content=thumbnail,2026-10-03,5a3d64374bd9eeb3d195768bab4987a394abec6c2fb4bfdfd21763d3ed4d2546,791c98004ab6ec3a4ae9b3c20163846f2dd688e72577d79a9c00ad61b0f4965e,960,720,vidro_plastico_ou_metal; cenas_variadas,uma_ou_varias_garrafas,thumbnail Wikimedia; orientação EXIF aplicada; JPEG sem EXIF; sem recorte ou síntese,pendente_Make_Sense_AI
garrafa_031.jpg,val,garrafa,commons_autor_1731b399f5a2,https://commons.wikimedia.org/wiki/File:Metal_water_bottle.jpg,CC BY-SA 4.0,Srini297,https://creativecommons.org/licenses/by-sa/4.0,File:Metal water bottle.jpg,https://upload.wikimedia.org/wikipedia/commons/a/a0/Metal_water_bottle.jpg?utm_source=commons.wikimedia.org&utm_campaign=imageinfo&utm_content=original,https://thumb.wikimedia.org/wikipedia/commons/thumb/a/a0/Metal_water_bottle.jpg/960px-Metal_water_bottle.jpg?utm_source=commons.wikimedia.org&utm_campaign=imageinfo&utm_content=thumbnail,2026-10-03,ba27cc7aa30263d9d6fbd55d935fc6206c02be7c6f40b87263d8e2d12a791a5e,8415117a0a439b4cda2e6a8d550234b09f6185df4ff6eabb1064731fe6e2dac8,960,2081,vidro_plastico_ou_metal; cenas_variadas,uma_ou_varias_garrafas,thumbnail Wikimedia; orientação EXIF aplicada; JPEG sem EXIF; sem recorte ou síntese,pendente_Make_Sense_AI
garrafa_032.jpg,train,garrafa,commons_autor_2a50b111882b,https://commons.wikimedia.org/wiki/File:Montclair_Film_Festival_Water_Bottle.jpg,CC BY 2.0,Montclair Film,https://creativecommons.org/licenses/by/2.0,File:Montclair Film Festival Water Bottle.jpg,https://upload.wikimedia.org/wikipedia/commons/3/37/Montclair_Film_Festival_Water_Bottle.jpg?utm_source=commons.wikimedia.org&utm_campaign=imageinfo&utm_content=original,https://thumb.wikimedia.org/wikipedia/commons/thumb/3/37/Montclair_Film_Festival_Water_Bottle.jpg/960px-Montclair_Film_Festival_Water_Bottle.jpg?utm_source=commons.wikimedia.org&utm_campaign=imageinfo&utm_content=thumbnail,2026-10-03,2e69a59ba4c76826b8deb5b2dc7617802667326ed19dd884b9089751c74eadd0,c978e887e15f5d5bada73944e6f3ebb8b9d7d85bf3007b7a6c41650e7a59eaf3,960,1032,vidro_plastico_ou_metal; cenas_variadas,uma_ou_varias_garrafas,thumbnail Wikimedia; orientação EXIF aplicada; JPEG sem EXIF; sem recorte ou síntese,pendente_Make_Sense_AI
garrafa_033.jpg,train,garrafa,commons_autor_d061f2b69759,https://commons.wikimedia.org/wiki/File:Multiple_reusable_water_bottles.jpg,CC0,Worlds Direction,http://creativecommons.org/publicdomain/zero/1.0/deed.en,File:Multiple reusable water bottles.jpg,https://upload.wikimedia.org/wikipedia/commons/9/9d/Multiple_reusable_water_bottles.jpg?utm_source=commons.wikimedia.org&utm_campaign=imageinfo&utm_content=original,https://thumb.wikimedia.org/wikipedia/commons/thumb/9/9d/Multiple_reusable_water_bottles.jpg/960px-Multiple_reusable_water_bottles.jpg?utm_source=commons.wikimedia.org&utm_campaign=imageinfo&utm_content=thumbnail,2026-10-03,49d0d101c0a21755852c792993c8bdac55c4f9ee14238e8aad4fa863392c279c,a6f4339e41925fc3a8de61b0af568501667f444e48f4db50824b03cf4a6bcc05,960,644,vidro_plastico_ou_metal; cenas_variadas,uma_ou_varias_garrafas,thumbnail Wikimedia; orientação EXIF aplicada; JPEG sem EXIF; sem recorte ou síntese,pendente_Make_Sense_AI
garrafa_034.jpg,train,garrafa,commons_autor_28dc3ad81734,https://commons.wikimedia.org/wiki/File:PALS_water_bottle.jpg,CC BY-SA 4.0,Adamherp,https://creativecommons.org/licenses/by-sa/4.0,File:PALS water bottle.jpg,https://upload.wikimedia.org/wikipedia/commons/c/cc/PALS_water_bottle.jpg?utm_source=commons.wikimedia.org&utm_campaign=imageinfo&utm_content=original,https://thumb.wikimedia.org/wikipedia/commons/thumb/c/cc/PALS_water_bottle.jpg/960px-PALS_water_bottle.jpg?utm_source=commons.wikimedia.org&utm_campaign=imageinfo&utm_content=thumbnail,2026-10-03,1b39645a130ea03fe951c43c68ec3a892f710eaffb52bd3ffbfacfc412e9fa33,f73ef245511e497f971165f4ee7b0e0865a0ba0511d2de869ce5d3f8cdfa20d0,960,1280,vidro_plastico_ou_metal; cenas_variadas,uma_ou_varias_garrafas,thumbnail Wikimedia; orientação EXIF aplicada; JPEG sem EXIF; sem recorte ou síntese,pendente_Make_Sense_AI
garrafa_035.jpg,train,garrafa,commons_autor_0b2394627bcd,https://commons.wikimedia.org/wiki/File:Polar_Bottle%C2%AE_Half_Twist%E2%84%A2_Bottles.JPG,CC BY-SA 3.0,Tikboodle,https://creativecommons.org/licenses/by-sa/3.0,File:Polar Bottle® Half Twist™ Bottles.JPG,https://upload.wikimedia.org/wikipedia/commons/f/f0/Polar_Bottle%C2%AE_Half_Twist%E2%84%A2_Bottles.JPG?utm_source=commons.wikimedia.org&utm_campaign=imageinfo&utm_content=original,https://thumb.wikimedia.org/wikipedia/commons/thumb/f/f0/Polar_Bottle%C2%AE_Half_Twist%E2%84%A2_Bottles.JPG/960px-Polar_Bottle%C2%AE_Half_Twist%E2%84%A2_Bottles.JPG?utm_source=commons.wikimedia.org&utm_campaign=imageinfo&utm_content=thumbnail,2026-10-03,ae8bd43a0b867c05c6b882bb77cbf7f93bd7cf1f623fec3403c93cd439e1f057,52b55dda087d353fecb03f589f66d9acfe8b1b71c713501482521f5fc9b39f32,960,608,vidro_plastico_ou_metal; cenas_variadas,uma_ou_varias_garrafas,thumbnail Wikimedia; orientação EXIF aplicada; JPEG sem EXIF; sem recorte ou síntese,pendente_Make_Sense_AI
garrafa_036.jpg,train,garrafa,commons_autor_5868d120ee65,https://commons.wikimedia.org/wiki/File:RapidRide_water_bottle_(5042358699).jpg,CC BY-SA 2.0,"Atomic Taco  from Seattle, WA, USA",https://creativecommons.org/licenses/by-sa/2.0,File:RapidRide water bottle (5042358699).jpg,https://upload.wikimedia.org/wikipedia/commons/4/4c/RapidRide_water_bottle_%285042358699%29.jpg?utm_source=commons.wikimedia.org&utm_campaign=imageinfo&utm_content=original,https://thumb.wikimedia.org/wikipedia/commons/thumb/4/4c/RapidRide_water_bottle_%285042358699%29.jpg/960px-RapidRide_water_bottle_%285042358699%29.jpg?utm_source=commons.wikimedia.org&utm_campaign=imageinfo&utm_content=thumbnail,2026-10-03,2d032e79ff737b6d64ba9234cbcbc6b6dcd4a38ac0c2435f4455a84666054f56,460bdcf9bc6746fab4082e2eda87e314cfd0e4034e259df90cc11462d5a8ca32,960,1440,vidro_plastico_ou_metal; cenas_variadas,uma_ou_varias_garrafas,thumbnail Wikimedia; orientação EXIF aplicada; JPEG sem EXIF; sem recorte ou síntese,pendente_Make_Sense_AI
garrafa_037.jpg,train,garrafa,commons_autor_c1cad3f36d0a,https://commons.wikimedia.org/wiki/File:Tablas_Creek_Vineyard_-_Stierch_-_July_2019_04.jpg,CC BY 4.0,Missvain,https://creativecommons.org/licenses/by/4.0,File:Tablas Creek Vineyard - Stierch - July 2019 04.jpg,https://upload.wikimedia.org/wikipedia/commons/4/4d/Tablas_Creek_Vineyard_-_Stierch_-_July_2019_04.jpg?utm_source=commons.wikimedia.org&utm_campaign=imageinfo&utm_content=original,https://thumb.wikimedia.org/wikipedia/commons/thumb/4/4d/Tablas_Creek_Vineyard_-_Stierch_-_July_2019_04.jpg/960px-Tablas_Creek_Vineyard_-_Stierch_-_July_2019_04.jpg?utm_source=commons.wikimedia.org&utm_campaign=imageinfo&utm_content=thumbnail,2026-10-03,b550ac99aeb8bb9922b49dde2452f85c14198c040b3a8930eb8d86b60eb3cf72,7a9cbdddbaeadc1656bea30e5afc189124a201747b95dba6e6d365b6d42f62fe,960,1280,vidro_plastico_ou_metal; cenas_variadas,uma_ou_varias_garrafas,thumbnail Wikimedia; orientação EXIF aplicada; JPEG sem EXIF; sem recorte ou síntese,pendente_Make_Sense_AI
garrafa_038.jpg,test,garrafa,commons_autor_8f19d0adca0e,https://commons.wikimedia.org/wiki/File:Water_bottle_on_water_(8310472033).jpg,CC BY 2.0,waferboard,https://creativecommons.org/licenses/by/2.0,File:Water bottle on water (8310472033).jpg,https://upload.wikimedia.org/wikipedia/commons/4/4b/Water_bottle_on_water_%288310472033%29.jpg?utm_source=commons.wikimedia.org&utm_campaign=imageinfo&utm_content=original,https://thumb.wikimedia.org/wikipedia/commons/thumb/4/4b/Water_bottle_on_water_%288310472033%29.jpg/960px-Water_bottle_on_water_%288310472033%29.jpg?utm_source=commons.wikimedia.org&utm_campaign=imageinfo&utm_content=thumbnail,2026-10-03,99e9d837c49e6924c77915d01e9f4f998ac3f37416558314942cc2c6c8285e44,347747fcf13242f5c57d3da9bb100d6d1ce2c5e7cbb152c5eec642580eca05f1,960,564,vidro_plastico_ou_metal; cenas_variadas,uma_ou_varias_garrafas,thumbnail Wikimedia; orientação EXIF aplicada; JPEG sem EXIF; sem recorte ou síntese,pendente_Make_Sense_AI
garrafa_039.jpg,train,garrafa,commons_autor_f1e9440e4037,https://commons.wikimedia.org/wiki/File:Waterbottle.jpg,CC BY-SA 4.0,Sjennings2,https://creativecommons.org/licenses/by-sa/4.0,File:Waterbottle.jpg,https://upload.wikimedia.org/wikipedia/commons/6/67/Waterbottle.jpg?utm_source=commons.wikimedia.org&utm_campaign=imageinfo&utm_content=original,https://thumb.wikimedia.org/wikipedia/commons/thumb/6/67/Waterbottle.jpg/960px-Waterbottle.jpg?utm_source=commons.wikimedia.org&utm_campaign=imageinfo&utm_content=thumbnail,2026-10-03,ae1f121f6b4999cf59774715a5596d682c6e52eaeccb0c47a09e6eb36d8a4780,bb47e9d4c9ebd5e80ca20a2362eafcea0b6d74a595b4bd56c0ba45cd918ee5d0,960,1280,vidro_plastico_ou_metal; cenas_variadas,uma_ou_varias_garrafas,thumbnail Wikimedia; orientação EXIF aplicada; JPEG sem EXIF; sem recorte ou síntese,pendente_Make_Sense_AI
garrafa_040.jpg,val,garrafa,commons_autor_5d0f27a6fa2b,https://commons.wikimedia.org/wiki/File:Llenado_de_Botellas_-_Metrolog%C3%ADa.jpg,CC BY-SA 4.0,Franklin Tigre,https://creativecommons.org/licenses/by-sa/4.0,File:Llenado de Botellas - Metrología.jpg,https://upload.wikimedia.org/wikipedia/commons/f/fe/Llenado_de_Botellas_-_Metrolog%C3%ADa.jpg?utm_source=commons.wikimedia.org&utm_campaign=imageinfo&utm_content=original,https://thumb.wikimedia.org/wikipedia/commons/thumb/f/fe/Llenado_de_Botellas_-_Metrolog%C3%ADa.jpg/960px-Llenado_de_Botellas_-_Metrolog%C3%ADa.jpg?utm_source=commons.wikimedia.org&utm_campaign=imageinfo&utm_content=thumbnail,2026-10-03,a2162fce9712045411b29d1bd5f3fee6bedfddae01cd64ec4cb8ebdcb7dbb834,3f9756b6c9c542e04404256ff6e30bd5f087445d40b7f8667a09a911dff02f0a,960,720,vidro_plastico_ou_metal; cenas_variadas,uma_ou_varias_garrafas,thumbnail Wikimedia; orientação EXIF aplicada; JPEG sem EXIF; sem recorte ou síntese,pendente_Make_Sense_AI
garrafa_041.jpg,test,garrafa,commons_autor_94ece69906ef,https://commons.wikimedia.org/wiki/File:MC_%E6%BE%B3%E9%96%80_Macau_Peninsula_YOHO_Treasure_Island_Hotel_%E9%85%92%E5%BA%97%E6%88%BF%E9%96%93_room_drinking_water_bottles_with_label_n_sign_No_smoking_March_2026_N13P_01.jpg,CC0,MCMAZ Lunggma,http://creativecommons.org/publicdomain/zero/1.0/deed.en,File:MC 澳門 Macau Peninsula YOHO Treasure Island Hotel 酒店房間 room drinking water bottles with label n sign No smoking March 2026 N13P 01.jpg,https://upload.wikimedia.org/wikipedia/commons/1/1b/MC_%E6%BE%B3%E9%96%80_Macau_Peninsula_YOHO_Treasure_Island_Hotel_%E9%85%92%E5%BA%97%E6%88%BF%E9%96%93_room_drinking_water_bottles_with_label_n_sign_No_smoking_March_2026_N13P_01.jpg?utm_source=commons.wikimedia.org&utm_campaign=imageinfo&utm_content=original,https://thumb.wikimedia.org/wikipedia/commons/thumb/1/1b/MC_%E6%BE%B3%E9%96%80_Macau_Peninsula_YOHO_Treasure_Island_Hotel_%E9%85%92%E5%BA%97%E6%88%BF%E9%96%93_room_drinking_water_bottles_with_label_n_sign_No_smoking_March_2026_N13P_01.jpg/960px-MC_%E6%BE%B3%E9%96%80_Macau_Peninsula_YOHO_Treasure_Island_Hotel_%E9%85%92%E5%BA%97%E6%88%BF%E9%96%93_room_drinking_water_bottles_with_label_n_sign_No_smoking_March_2026_N13P_01.jpg?utm_source=commons.wikimedia.org&utm_campaign=imageinfo&utm_content=thumbnail,2026-10-03,647fbd11050069fde038d72589a1c4dcda554b7af3b7cded935af7c4ed36953a,cba61f5d83318a62c241c400c9e9cd36e38432d63eef606069d89b808a0f7621,960,720,vidro_plastico_ou_metal; cenas_variadas,uma_ou_varias_garrafas,thumbnail Wikimedia; orientação EXIF aplicada; JPEG sem EXIF; sem recorte ou síntese,pendente_Make_Sense_AI
garrafa_042.jpg,train,garrafa,commons_autor_80a1ad7e6101,https://commons.wikimedia.org/wiki/File:Pearl_Milling_Company_Syrup_(cropped).jpg,CC BY-SA 4.0,Amebrahtu1997,https://creativecommons.org/licenses/by-sa/4.0,File:Pearl Milling Company Syrup (cropped).jpg,https://upload.wikimedia.org/wikipedia/commons/6/66/Pearl_Milling_Company_Syrup_%28cropped%29.jpg?utm_source=commons.wikimedia.org&utm_campaign=imageinfo&utm_content=original,https://thumb.wikimedia.org/wikipedia/commons/thumb/6/66/Pearl_Milling_Company_Syrup_%28cropped%29.jpg/960px-Pearl_Milling_Company_Syrup_%28cropped%29.jpg?utm_source=commons.wikimedia.org&utm_campaign=imageinfo&utm_content=thumbnail,2026-10-03,3fa27f72ec5bbef6e634b4ddfcf0adc6560cc8c366086ed3b90b21701299004d,a7a39307c1b84b91935a87afd2327b42768598289d3982c05fc42dc427ecda4e,960,1665,vidro_plastico_ou_metal; cenas_variadas,uma_ou_varias_garrafas,thumbnail Wikimedia; orientação EXIF aplicada; JPEG sem EXIF; sem recorte ou síntese,pendente_Make_Sense_AI
garrafa_043.jpg,train,garrafa,commons_autor_61f58ae83d0d,https://commons.wikimedia.org/wiki/File:Stephens%E2%80%99s_Limeade.jpg,CC BY-SA 4.0,South(rapper),https://creativecommons.org/licenses/by-sa/4.0,File:Stephens’s Limeade.jpg,https://upload.wikimedia.org/wikipedia/commons/3/3c/Stephens%E2%80%99s_Limeade.jpg?utm_source=commons.wikimedia.org&utm_campaign=imageinfo&utm_content=original,https://thumb.wikimedia.org/wikipedia/commons/thumb/3/3c/Stephens%E2%80%99s_Limeade.jpg/960px-Stephens%E2%80%99s_Limeade.jpg?utm_source=commons.wikimedia.org&utm_campaign=imageinfo&utm_content=thumbnail,2026-10-03,5dad630e8a64b3a796ba28a6d5c80a9af59dc485364db22ccc892d4371ab20b4,10bc037c01a559f10f980794c56cf8b541903c07c5af7242a2ae43f1a283b7b3,960,1280,vidro_plastico_ou_metal; cenas_variadas,uma_ou_varias_garrafas,thumbnail Wikimedia; orientação EXIF aplicada; JPEG sem EXIF; sem recorte ou síntese,pendente_Make_Sense_AI
